English,Español
you,tú
i,i
the,el
to,a
a,a
s,s
it,él
and,y
that,eso
t,t
of,de
is,es
in,en
what,qué
we,nosotros
me,a mí
this,este
he,él
for,para
my,mi
on,en
have,tener
your,su
do,hacer
was,era
m,metro
no,No
not,no
be,ser
are,son
don,don
re,re
know,saber
can,poder
with,con
but,pero
all,todo
so,entonces
just,justo
there,allá
here,aquí
they,ellos
like,como
ll,todos
get,conseguir
she,ella
go,ir
if,si
right,bien
out,afuera
about,acerca de
up,arriba
at,en
him,a él
now,ahora
oh,Vaya
one,uno
come,venir
well,Bueno
her,su
how,cómo
yeah,sí
ve,ve
will,voluntad
got,consiguió
want,desear
think,pensar
as,como
see,ver
did,hizo
good,bien
who,OMS
why,por qué
from,de
let,dejar
his,su
yes,Sí
when,cuando
going,yendo
time,tiempo
an,un
okay,bueno
back,atrás
look,mirar
us,a nosotros
would,haría
them,a ellos
where,dónde
were,eran
take,llevar
then,entonces
had,tenía
or,o
been,estado
our,nuestro
gonna,ir a
tell,decir
really,en realidad
man,hombre
some,alguno
say,decir
hey,ey
could,podría
d,d
didn,lo hizo
by,por
need,necesidad
something,algo
has,tiene
too,también
more,más
way,forma
down,abajo
make,hacer
very,muy
never,nunca
only,solo
people,gente
over,encima
because,porque
little,pequeño
please,por favor
love,amar
should,debería
mean,significar
said,dicho
sorry,Lo siento
give,dar
off,apagado
am,soy
thank,agradecer
any,cualquier
two,dos
even,incluso
much,mucho
doing,haciendo
sure,seguro
thing,cosa
these,estos
help,ayuda
first,primero
into,en
anything,cualquier cosa
still,aún
find,encontrar
life,vida
nothing,nada
sir,Señor
day,día
god,dios
work,trabajar
their,su
uh,oh
again,de nuevo
maybe,tal vez
must,debe
before,antes
other,otro
wait,esperar
stop,detener
call,llamar
after,después
won,ganado
talk,hablar
away,lejos
than,que
thought,pensamiento
home,hogar
night,noche
put,poner
great,excelente
those,aquellos
last,último
better,mejor
everything,todo
told,dijo
mr.,señor.
new,nuevo
things,cosas
always,siempre
keep,mantener
long,largo
years,años
leave,dejar
does,hace
money,dinero
around,alrededor
doesn,no
name,nombre
place,lugar
ever,alguna vez
feel,sentir
guys,tipo
father,padre
guy,chico
made,hecho
old,viejo
isn,es
which,cual
big,grande
lot,lote
done,hecho
hello,Hola
nice,lindo
believe,creer
girl,chica
someone,alguien
fine,bien
thanks,gracias
wanted,buscado
kind,amable
coming,próximo
house,casa
every,cada
ok,OK
through,a través de
being,ser
course,curso
stay,permanecer
left,izquierda
dad,papá
enough,suficiente
happened,sucedió
came,vino
may,puede
mother,madre
wrong,equivocado
world,mundo
bad,malo
might,podría
three,tres
today,hoy
listen,escuchar
another,otro
understand,entender
hear,escuchar
remember,recordar
ask,preguntar
own,propio
same,mismo
show,espectáculo
else,demás
kill,matar
talking,hablando
found,encontró
next,próximo
getting,conseguir
care,cuidado
car,auto
looking,mirando
son,hijo
try,intentar
woman,mujer
went,fue
hi,Hola
dead,muerto
many,muchos
mind,mente
wasn,fue
friend,amigo
best,mejor
mom,mamá
hell,infierno
morning,mañana
trying,intentando
boy,chico
together,juntos
yourself,tú mismo
job,trabajo
saw,sierra
family,familia
real,real
without,sin
baby,bebé
room,habitación
wouldn,haría
already,ya
move,mover
most,mayoría
seen,visto
live,vivir
miss,extrañar
actually,de hecho
huh,eh
shit,mierda
both,ambos
heard,escuchó
once,una vez
ready,listo
head,cabeza
called,llamado
used,usado
idea,idea
knew,sabía
hold,sostener
happy,feliz
door,puerta
such,semejante
fuck,Mierda
brother,hermano
also,también
pretty,bonito
bit,poco
took,tomó
haven,refugio
yet,todavía
men,hombres
whole,entero
start,comenzar
use,usar
while,mientras
since,desde
wife,esposa
days,días
guess,adivinar
tomorrow,mañana
matter,asunto
meet,encontrarse
bring,traer
tonight,esta noche
everyone,todos
run,correr
wanna,querer
hard,duro
ah,ah
alone,solo
myself,mí mismo
school,escuela
gone,desaparecido
um,mmm
end,fin
saying,dicho
phone,teléfono
play,jugar
looks,aspecto
couldn,podría
fucking,maldito
problem,problema
few,pocos
friends,amigos
gotta,tengo que
ago,atrás
open,abierto
anyone,alguien
killed,delicado
hope,esperanza
face,rostro
until,hasta
lost,perdido
police,policía
excuse,disculpar
turn,doblar
business,negocio
case,caso
wants,quiere
says,dice
TRUE,VERDADERO
die,morir
heart,corazón
soon,pronto
each,cada
worry,preocuparse
later,más tarde
year,año
watch,mirar
music,música
hand,mano
having,teniendo
probably,probablemente
beautiful,hermoso
doctor,doctor
sit,sentarse
eat,comer
thinking,pensamiento
young,joven
second,segundo
working,laboral
water,agua
person,persona
part,parte
kids,niños
late,tarde
stuff,cosa
exactly,exactamente
under,bajo
death,muerte
minute,minuto
pay,pagar
crazy,loco
forget,olvidar
everybody,todos
kid,niño
change,cambiar
gave,dio
happen,suceder
damn,maldición
five,cinco
drink,beber
far,lejos
knows,sabe
its,es
whatever,lo que
eyes,ojos
shut,cerrar
aren,son
hit,golpear
taking,tomando
easy,fácil
times,veces
check,controlar
hands,manos
minutes,minutos
deal,trato
different,diferente
means,medio
point,punto
inside,adentro
makes,marcas
asked,preguntó
somebody,alguien
mine,mío
making,haciendo
body,cuerpo
afraid,asustado
sleep,dormir
chance,oportunidad
dear,estimado
quite,bastante
four,cuatro
anyway,de todos modos
close,cerca
ain,es
party,fiesta
fun,divertido
against,contra
word,palabra
comes,llega
important,importante
set,colocar
shall,deberá
story,historia
number,número
daughter,hija
least,el menos
waiting,espera
hurt,herir
wish,desear
moment,momento
fight,luchar
week,semana
husband,marido
girls,chicas
rest,descansar
married,casado
fire,fuego
game,juego
nobody,nadie
mr,señor
children,niños
side,lado
stand,pararse
read,leer
though,aunque
cut,cortar
started,comenzó
sister,hermana
supposed,supuesto
between,entre
child,niño
goes,va
hours,horas
speak,hablar
women,mujer
behind,detrás
almost,casi
truth,verdad
blood,sangre
able,capaz
lady,dama
anymore,ya no
playing,jugando
gets,obtiene
shot,disparo
reason,razón
trouble,problema
break,romper
war,guerra
city,ciudad
walk,caminar
town,ciudad
trust,confianza
dr.,dr.
met,reunió
office,oficina
question,pregunta
brought,trajo
yours,tuyo
welcome,bienvenido
high,alto
wow,Guau
couple,pareja
half,medio
died,fallecido
cool,Frío
free,gratis
either,cualquiera
seems,parece
power,fuerza
whoa,Vaya
bye,adiós
buy,comprar
telling,narración
honey,Miel
tried,intentó
front,frente
team,equipo
answer,respuesta
gun,pistola
boys,Niños
line,línea
send,enviar
news,noticias
stupid,estúpido
bed,cama
hurry,apurarse
full,lleno
months,meses
save,ahorrar
sometimes,a veces
become,convertirse
along,a lo largo de
hate,odiar
food,alimento
outside,afuera
light,luz
l,yo
needs,necesidades
dog,perro
country,país
clear,claro
order,orden
em,ellos
fact,hecho
lord,caballero
captain,capitán
six,seis
hot,caliente
funny,divertido
black,negro
mrs.,señora.
alive,vivo
pick,elegir
feeling,sentimiento
living,viviendo
cause,causa
ahead,adelante
lose,perder
king,rey
plan,plan
dinner,cena
sighs,suspiros
sort,clasificar
leaving,partida
shouldn,no debería
running,correr
boss,jefe
alright,está bien
promise,promesa
taken,tomado
safe,seguro
ma,mamá
book,libro
sent,enviado
white,blanco
hour,hora
anybody,cualquiera
small,pequeño
perfect,perfecto
cause,causa
lives,vidas
special,especial
parents,padres
s,s
john,John
himself,él mismo
perhaps,tal vez
sounds,sonidos
serious,grave
sick,enfermo
company,compañía
ha,Ja
scared,asustado
uncle,tío
poor,pobre
red,rojo
past,pasado
earth,tierra
possible,posible
shoot,disparar
touch,tocar
sound,sonido
top,arriba
ass,culo
laughs,risas
cannot,no puedo
asking,preguntando
win,ganar
glad,contento
control,control
hmm,Mmm
human,humano
drive,conducir
hair,cabello
jack,Jacobo
bitch,perra
luck,suerte
murder,asesinato
happens,sucede
air,aire
ten,diez
daddy,papá
finally,finalmente
chuckles,risas
fast,rápido
cold,frío
seem,parecer
laughing,reír
words,palabras
hospital,hospital
street,calle
hang,colgar
dance,bailar
meeting,reunión
till,hasta
others,otros
catch,atrapar
follow,seguir
sense,sentido
sex,sexo
lie,mentir
evening,noche
master,maestro
known,conocido
dream,sueño
write,escribir
million,millón
voice,voz
sweet,dulce
rather,bastante
felt,sintió
sign,firmar
lucky,afortunado
somewhere,en algún lugar
bet,apuesta
o,oh
jesus,Jesús
longer,más extenso
calling,vocación
worked,trabajó
quiet,tranquilo
looked,miró
less,menos
pull,jalar
beat,derrotar
careful,cuidadoso
coffee,café
return,devolver
secret,secreto
weeks,semanas
weren,estaban
date,fecha
seeing,vidente
fall,caer
given,dado
ooh,Oh
fault,falla
straight,derecho
takes,acepta
song,canción
future,futuro
gentlemen,caballeros
loved,amado
changed,cambió
road,camino
calm,calma
wonderful,maravilloso
mad,enojado
turned,transformado
drop,gota
ladies,señoras
learn,aprender
step,paso
absolutely,absolutamente
early,temprano
explain,explicar
clean,limpio
piece,pedazo
yesterday,ayer
throw,tirar
picture,imagen
land,tierra
feet,pies
wonder,preguntarse
questions,preguntas
speaking,discurso
worth,valer
darling,querida
dude,dudar
giving,donación
president,presidente
eye,ojo
quick,rápido
moving,Moviente
figure,cifra
state,estado
strong,fuerte
sam,sam
none,ninguno
amazing,asombroso
ones,unos
works,obras
act,acto
needed,necesario
weird,extraño
law,ley
worried,preocupado
report,informe
goodbye,adiós
missing,desaparecido
choice,elección
happening,sucediendo
chief,jefe
wedding,boda
strange,extraño
general,general
pain,dolor
am,soy
kidding,bromear
decided,decidido
ya,ya
pass,aprobar
tired,cansado
class,clase
officer,oficial
kept,conservó
wake,despertar
worse,peor
busy,ocupado
eh,eh
mistake,error
kiss,beso
court,corte
building,edificio
finish,finalizar
during,durante
age,edad
ship,barco
caught,atrapó
marry,casar
meant,quiso decir
sell,vender
dark,oscuro
watching,mirando
system,sistema
suppose,suponer
evidence,evidencia
movie,película
ride,conducir
t,t
completely,completamente
mouth,boca
totally,totalmente
birthday,cumpleaños
tv,televisor
forgive,perdonar
born,nacido
imagine,imaginar
information,información
instead,en cambio
definitely,definitivamente
security,seguridad
certainly,ciertamente
film,película
month,mes
lying,mintiendo
unless,a menos que
train,tren
seven,Siete
wear,tener puesto
clothes,ropa
michael,Miguel
hotel,hotel
christmas,Navidad
attack,ataque
hasn,hasn
round,redondo
expect,esperar
sing,cantar
terrible,horrible
george,Jorge
bag,bolsa
history,historia
blue,azul
near,cerca
broke,en bancarrota
station,estación
seriously,en serio
forever,para siempre
david,David
frank,franco
except,excepto
thinks,piensa
message,mensaje
entire,completo
joe,José
table,mesa
talked,habló
rock,roca
lovely,hermoso
handle,manejar
middle,medio
buddy,compañero
paid,pagado
protect,proteger
using,usando
floor,piso
ran,corrió
swear,jurar
spend,gastar
situation,situación
ring,anillo
anywhere,en cualquier lugar
dangerous,peligroso
bill,factura
york,york
army,ejército
lead,dirigir
bought,compró
finished,finalizado
fair,justo
sun,sol
letter,carta
fool,tonto
attention,atención
club,club
simple,simple
interesting,interesante
space,espacio
test,prueba
box,caja
group,grupo
single,soltero
sitting,sesión
marriage,casamiento
join,unirse
fear,miedo
d,d
peace,paz
forgot,olvidó
force,fuerza
short,corto
normal,normal
charlie,charlie
present,presente
enjoy,disfrutar
mike,Miguel
crime,delito
horse,caballo
ground,suelo
american,americano
count,contar
area,área
charge,cargar
honor,honor
lunch,almuerzo
miles,millas
radio,radio
idiot,estúpido
ball,pelota
surprise,sorpresa
paper,papel
key,llave
boat,bote
quickly,rápidamente
gold,oro
bar,bar
fish,pez
mark,marca
tom,Tomás
wearing,agotador
crying,llanto
accident,accidente
government,gobierno
eight,ocho
fell,cayó
cover,cubrir
certain,cierto
interested,interesado
deep,profundo
star,estrella
sea,mar
agree,aceptar
problems,problemas
detective,detective
prison,prisión
major,importante
stick,palo
offer,oferta
difficult,difícil
smart,elegante
personal,personal
record,registro
stopped,interrumpido
hide,esconder
whether,si
bank,banco
trip,viaje
relax,relajarse
america,America
public,público
list,lista
afternoon,tarde
brain,cerebro
fix,arreglar
bastard,bastardo
proud,orgulloso
tea,té
service,servicio
screaming,gritando
forward,adelante
angry,enojado
park,parque
soul,alma
fighting,lucha
peter,pedro
rich,rico
agent,agente
blow,explotar
paul,Pablo
dress,vestido
mary,María
missed,omitido
scene,escena
killing,asesinato
standing,de pie
saved,salvado
mm,milímetros
respect,respeto
killer,asesino
ice,hielo
mess,desorden
tough,difícil
feels,siente
church,iglesia
sad,triste
cell,celúla
drunk,ebrio
share,compartir
camera,cámara
mm-hmm,mm-hmm
within,dentro
card,tarjeta
fly,volar
ben,ben
girlfriend,novia
laugh,reír
smell,oler
broken,roto
mum,mamá
honest,honesto
often,a menudo
starting,a partir de
calls,llamadas
y,y
spent,gastado
third,tercero
english,inglés
visit,visita
mama,mamá
judge,juez
window,ventana
hungry,hambriento
dare,atrevimiento
relationship,relación
moved,movido
prove,probar
private,privado
wall,muro
seat,asiento
i-i,yo-yo
position,posición
lieutenant,teniente
realize,darse cuenta
lt,es
especially,especialmente
machine,máquina
walking,caminando
art,arte
pleasure,placer
bloody,sangriento
college,colega
french,francés
involved,involucrado
cry,llorar
became,convertirse
lived,vivido
impossible,imposible
obviously,obviamente
neither,ni
accept,aceptar
boyfriend,novio
besides,además
queen,reina
teacher,maestro
cops,policías
sake,beneficio
loves,ama
carry,llevar
teach,enseñar
apartment,departamento
upset,decepcionado
green,verde
la,la
liked,apreciado
cute,lindo
evil,demonio
professor,profesor
contact,contacto
joke,broma
cop,policía
huge,enorme
holy,santo
store,almacenar
jail,celda
likes,gustos
lawyer,abogado
doubt,duda
continue,continuar
appreciate,agradecer
cat,gato
shop,comercio
driving,conduciendo
congratulations,Felicidades
wrote,escribió
village,aldea
quit,abandonar
field,campo
james,Jaime
wine,vino
decision,decisión
south,sur
sleeping,durmiendo
slow,lento
laughter,risa
island,isla
glass,vaso
beginning,comienzo
cash,dinero
dying,muriendo
hundred,centenar
whose,cuyo
difference,diferencia
plane,avión
push,empujar
continues,continúa
mmm,mmm
singing,cantando
eating,comiendo
north,norte
mrs,señora
tree,árbol
madam,señora
gift,regalo
truck,camión
putting,poniendo
bear,oso
board,junta
grab,agarrar
beer,cerveza
stuck,atascado
magic,magia
support,apoyo
rules,normas
grunts,gruñidos
partner,pareja
reach,alcanzar
wind,viento
colonel,coronel
max,máximo
immediately,inmediatamente
seconds,segundos
thousand,mil
gives,da
experience,experiencia
cheers,salud
victim,víctima
upon,al
computer,computadora
christ,Cristo
planet,planeta
promised,prometido
bus,autobús
henry,Enrique
dirty,sucio
search,buscar
staying,quedarse
dreams,Sueños
arrest,arrestar
holding,tenencia
suddenly,de repente
usually,generalmente
lots,lotes
shoes,zapatos
er,ejem
jump,saltar
rid,deshacerse
yo,yo
knock,golpear
owe,deber
harry,Harry
grow,crecer
worst,el peor
river,río
aunt,tía
patient,paciente
kitchen,cocina
aah,ah
fat,gordo
passed,aprobado
m,metro
final,final
summer,verano
bob,Beto
listening,escuchando
escape,escapar
everywhere,en todos lados
moon,luna
arms,brazos
turns,vueltas
address,DIRECCIÓN
ow,Ay
match,fósforo
gasps,jadeos
grand,grandioso
yep,sí
shh,shh
nervous,nervioso
de,Delaware
choose,elegir
themselves,ellos mismos
decide,decidir
mate,compañero
drinking,Bebiendo
press,prensa
bother,molestar
foot,pie
hadn,no había
blame,culpa
crap,tonterías
drugs,drogas
type,tipo
rings,anillos
mission,misión
named,llamado
heaven,cielo
ii,ii
picked,escogido
paris,París
race,carrera
risk,riesgo
books,libros
further,más
danny,danny
action,acción
allowed,permitido
orders,pedidos
learned,aprendió
price,precio
arrived,llegó
nick,mella
otherwise,de lo contrario
pictures,fotos
fit,adaptar
smoke,fumar
favor,favor
played,jugó
notice,aviso
awesome,impresionante
smile,sonrisa
director,director
guard,guardia
begin,comenzar
spot,lugar
surprised,sorprendido
innocent,inocente
narrator,narrador
herself,sí misma
london,Londres
feelings,sentimientos
enemy,enemigo
battle,batalla
ourselves,nosotros mismos
alex,Alex
dollars,dolares
allow,permitir
nine,nueve
gay,homosexuales
department,departamento
guilty,culpable
apart,aparte
earlier,más temprano
duty,deber
jim,jim
suit,traje
bell,campana
west,Oeste
legs,piernas
hero,héroe
destroy,destruir
stage,escenario
bunch,racimo
according,de acuerdo a
chicken,pollo
bigger,más grande
grunting,gruñidos
low,bajo
helping,Ayudar
admit,admitir
closed,cerrado
names,nombres
witness,testigo
upstairs,piso superior
arm,brazo
jimmy,palanqueta
kick,patada
twice,dos veces
cross,cruz
ways,maneras
sergeant,sargento
indeed,en efecto
gas,gas
keeping,acuerdo
energy,energía
pregnant,embarazada
waste,desperdiciar
helped,ayudó
fired,despedido
favorite,favorito
tony,tony
taste,gusto
locked,bloqueado
places,lugares
writing,escribiendo
adam,Adán
brothers,hermanos
starts,empieza
prince,Príncipe
form,forma
sold,vendido
silly,tonto
mention,mencionar
build,construir
throat,garganta
hole,agujero
figured,figurado
track,pista
ringing,El sonar
lock,cerrar
leg,pierna
above,arriba
hiding,ocultación
steve,steve
seemed,pareció
breakfast,desayuno
engine,motor
written,escrito
complete,completo
video,video
applause,aplausos
however,sin embargo
pressure,presión
fresh,fresco
weapon,arma
sky,cielo
ms.,EM.
stole,robó
study,estudiar
burn,quemar
reading,lectura
crowd,multitud
treat,tratar
roll,rollo
double,doble
spirit,espíritu
danger,peligro
cost,costo
empty,vacío
level,nivel
memory,memoria
itself,sí mismo
acting,interino
interest,interés
nose,nariz
plans,planes
following,siguiente
bathroom,baño
built,construido
closer,cerca
ray,rayo
sarah,sara
band,banda
groans,gemidos
apparently,aparentemente
excited,entusiasmado
richard,Ricardo
losing,perdiendo
animals,animales
flight,vuelo
nature,naturaleza
raise,aumentar
pop,estallido
client,cliente
bomb,bomba
neck,cuello
suspect,sospechar
warm,cálido
extra,extra
bottle,botella
van,camioneta
heavy,pesado
mommy,mami
dogs,perros
wild,salvaje
ridiculous,ridículo
simply,simplemente
lee,sotavento
animal,animal
showed,presentado
billy,porra
shooting,tiroteo
keeps,mantiene
camp,acampar
guns,armas de fuego
medical,médico
shame,lástima
hoping,esperando
whom,a quien
bird,pájaro
majesty,majestad
flowers,flores
famous,famoso
asleep,dormido
beauty,belleza
driver,conductor
keys,llaves
rain,lluvia
awful,horrible
large,grande
local,local
deserve,merecer
goddamn,maldita sea
stone,piedra
jane,jane
grace,gracia
consider,considerar
weekend,fin de semana
wondering,preguntarse
lay,poner
plenty,infinidad
willing,deseoso
pants,pantalones
sweetheart,cariño
skin,piel
excellent,excelente
asshole,Estúpido
beach,playa
c,C
faith,fe
beg,mendigar
fuckin,jodido
responsible,responsable
military,militar
cheering,aplausos
opportunity,oportunidad
common,común
bottom,abajo
german,alemán
whoever,quien
cook,cocinar
walked,caminó
papers,documentos
justice,justicia
hall,sala
commander,comandante
drug,droga
main,principal
knife,cuchillo
devil,demonio
necessary,necesario
although,a pesar de
princess,princesa
lights,luces
flying,volador
dick,polla
rose,rosa
knowing,conocimiento
clearly,claramente
hat,sombrero
agreed,acordado
johnny,johnny
corner,esquina
code,código
note,nota
tommy,tommy
due,pendiente
correct,correcto
apologize,disculparse
language,idioma
stars,estrellas
faster,más rápido
cars,carros
folks,amigos
bullshit,mierda
i.,i.
fellow,compañero
several,varios
grandma,abuela
shows,muestra
leader,líder
leaves,hojas
restaurant,restaurante
east,este
shouting,gritos
blind,ciego
ghost,fantasma
cup,taza
gotten,conseguido
tight,ajustado
conversation,conversación
tells,dice
lies,mentiras
nor,ni
pulled,tirado
hanging,colgante
speed,velocidad
stories,cuentos
health,salud
advice,consejo
held,sostuvo
uh-huh,UH Huh
murdered,asesinado
beyond,más allá de
rule,regla
hardly,difícilmente
possibly,posiblemente
inspector,inspector
cousin,primo
trial,ensayo
emergency,emergencia
ought,debería
eddie,eddy
somehow,de alguna manera
hearing,audiencia
states,estados
account,cuenta
spoke,habló
file,archivo
understood,comprendido
angel,ángel
tape,cinta
milk,leche
powerful,poderoso
weapons,armas
practice,práctica
manager,gerente
pardon,indulto
vote,votar
jake,jake
national,nacional
career,carrera
minister,ministro
super,súper
taught,enseñó
robert,roberto
biggest,más grande
plays,obras de teatro
natural,natural
dancing,baile
copy,Copiar
plus,más
martin,martín
cake,pastel
freedom,libertad
among,entre
breath,aliento
operation,operación
chris,cris
crew,multitud
challenge,desafío
market,mercado
meat,carne
towards,hacia
bringing,trayendo
dropped,abandonó
student,alumno
lied,mintió
strength,fortaleza
size,tamaño
breathe,respirar
color,color
monster,monstruo
loud,alto
photo,foto
aw,ay
nearly,cerca de
sight,vista
greatest,mayor
games,juegos
bridge,puente
dressed,vestido
arrested,detenido
horrible,horrible
coach,entrenador
planning,planificación
checked,comprobado
breaking,rotura
noticed,observó
fantastic,fantástico
screams,carcajadas
serve,atender
ideas,ideas
investigation,investigación
center,centro
older,más viejo
pack,embalar
soldiers,soldados
nonsense,disparates
doc,doc
project,proyecto
training,capacitación
example,ejemplo
trick,truco
prepared,preparado
science,ciencia
united,unido
travel,viajar
incredible,increíble
grandpa,abuelo
paying,pago
character,personaje
teeth,dientes
criminal,delincuente
charles,Charles
chinese,chino
truly,realmente
honestly,honestamente
bro,hermano
survive,sobrevivir
bobby,poli
target,objetivo
feed,alimentar
nurse,enfermero
e,mi
fake,falso
records,registros
breathing,respiración
sweetie,cariño
numbers,números
oil,aceite
suicide,suicidio
belong,pertenecer
whoo,vaya
perfectly,perfectamente
amy,amy
forgotten,olvidado
remain,permanecer
original,original
papa,papá
onto,sobre
concerned,preocupado
credit,crédito
ugh,puaj
invited,invitado
discuss,conversar
research,investigación
easier,más fácil
view,vista
chair,silla
hurts,duele
strike,huelga
roger,recibido
fill,llenar
condition,condición
mountain,montaña
dr,dr.
nowhere,en ningún lugar
sheriff,alguacil
kim,kim
turning,torneado
brown,marrón
recognize,reconocer
heads,cabezas
audience,audiencia
all,todo
jealous,celoso
pretend,pretender
society,sociedad
finding,hallazgo
shirt,camisa
comfortable,cómodo
meaning,significado
guest,invitado
pieces,piezas
dry,seco
letting,dejando
began,comenzó
aye,sí
jeff,jeff
female,femenino
release,liberar
ho,Ho
cards,tarjetas
pray,orar
unfortunately,desafortunadamente
balls,pelotas
destroyed,destruido
ended,terminó
universe,universo
prepare,preparar
opinion,opinión
movies,películas
soldier,soldado
wash,lavar
program,programa
heat,calor
usual,habitual
ticket.py,boleto
stolen,robado
prefer,preferir
aware,consciente
surely,seguramente
male,masculino
base,base
matters,asuntos
lift,elevar
lab,laboratorio
command,dominio
proof,prueba
cream,crema
selling,venta
believed,creyó
create,crear
h,h
afford,poder pagar
sunday,domingo
total,total
dumb,mudo
threw,lanzar
france,Francia
birth,nacimiento
created,creado
realized,comprendió
british,británico
noise,ruido
nuts,nueces
students,estudiantes
birds,aves
social,social
brilliant,brillante
bodies,cuerpos
tie,atar
opened,abrió
ours,nuestro
bucks,dólares
kevin,kevin
mister,señor
ugly,feo
ryan,ryan
focus,enfocar
dan,dan
opens,abre
exist,existir
followed,seguido
england,Inglaterra
draw,dibujar
purpose,objetivo
letters,letras
daniel,Daniel
opening,apertura
bullet,bala
anna,anna
lately,últimamente
stayed,permaneció
falling,descendente
season,estación
ends,termina
suggest,sugerir
joy,alegría
distance,distancia
responsibility,responsabilidad
whenever,cuando sea
issue,asunto
thousands,miles
process,proceso
sword,espada
shower,ducha
weak,débil
fucked,jodido
lonely,solitario
happiness,felicidad
eric,eric
tiny,diminuto
desk,escritorio
pool,piscina
property,propiedad
forced,forzado
settle,asentarse
indistinct,indistinto
weight,peso
received,recibió
gang,pandilla
bite,morder
friday,viernes
disappeared,desaparecido
interview,entrevista
expecting,esperando
kinda,un poco
surgery,cirugía
horses,caballos
mayor,alcalde
babe,bebé
ancient,antiguo
handsome,elegante
thomas,tomás
saturday,sábado
staff,personal
lines,líneas
unit,unidad
fan,admirador
gentleman,hidalgo
introduce,introducir
fate,destino
split,dividir
recently,recientemente
expected,esperado
add,agregar
ordered,ordenado
slowly,despacio
alarm,alarma
member,miembro
slept,durmió
signed,firmado
enter,ingresar
spanish,español
garden,jardín
brings,trae
brave,corajudo
pig,cerdo
model,modelo
finger,dedo
medicine,medicamento
access,acceso
failed,fallido
flat,departamento
easily,fácilmente
discovered,descubierto
based,basado
screw,tornillo
insane,loco
cares,le importa
weather,clima
fingers,dedos
san,san
scott,escocés
path,camino
soft,suave
harm,dañar
style,estilo
community,comunidad
sees,ve
basically,básicamente
al,Alabama
signal,señal
nope,no
spare,repuesto
speech,discurso
covered,cubierto
shake,agitar
loose,perder
snow,nieve
russian,ruso
lake,lago
bright,brillante
roof,techo
ohh,oh
sending,enviando
paint,pintar
remind,recordar
pal,camarada
naked,desnudo
post,correo
sugar,azúcar
heading,título
streets,calles
damage,daño
silence,silencio
doors,puertas
pete,pete
ed,ed
success,éxito
wet,húmedo
nah,no
amount,cantidad
members,miembros
kate,kate
manage,administrar
safety,seguridad
returned,regresó
harder,más difícil
fbi,FBI
block,bloquear
showing,demostración
fancy,elegante
chef,cocinero
contract,contrato
dig,excavar
chest,pecho
good-bye,adiós
drinks,bebidas
dave,dave
buried,enterrado
brian,brian
trade,comercio
journey,viaje
stomach,estómago
changes,cambios
details,detalles
thoughts,pensamientos
divorce,divorcio
funeral,funeral
maria,María
football,fútbol americano
reality,realidad
theory,teoría
gosh,Dios mio
ruined,arruinado
gate,puerta
william,Guillermo
spread,desparramar
outta,fuera
japanese,japonés
sudden,repentino
coat,abrigo
sooner,cuanto antes
cheese,queso
larry,larry
spring,primavera
page,página
ears,orejas
simon,Simón
castle,castillo
hidden,oculto
storm,tormenta
cos,porque
personally,personalmente
artist,artista
hill,colina
exciting,emocionante
permission,permiso
jerry,alemán
expensive,caro
tickets,Entradas
forest,bosque
barely,apenas
eggs,huevos
goin,entra
regret,arrepentirse
lesson,lección
lover,amante
bread,pan
andy,andy
subject,sujeto
legal,legal
growing,creciente
ill,enfermo
jason,jason
mood,ánimo
owner,dueño
caused,causado
beeping,pitido
points,puntos
dating,tener una cita
loss,pérdida
secretary,secretario
revenge,venganza
santa,Papa Noel
likely,probable
rent,alquilar
connection,conexión
assistant,asistente
reasons,razones
yelling,gritos
painting,cuadro
trees,árboles
doctors,doctores
rush,correr
foreign,extranjero
rough,bruto
murderer,asesino
century,siglo
nights,noches
pair,par
runs,carreras
pocket,bolsillo
farm,granja
matt,mate
bike,bicicleta
obvious,obvio
ate,comió
grew,creció
professional,profesional
tim,timón
goodness,bondad
parts,partes
alan,alan
university,universidad
square,cuadrado
grandfather,abuelo
europe,Europa
genius,genio
cases,casos
ruin,ruina
winter,invierno
tongue,lengua
memories,recuerdos
da,da
buying,comprar
cancer,cáncer
clock,reloj
ocean,océano
dna,adn
liar,mentiroso
tour,recorrido
thief,ladrón
bleep,emitir pitidos
lisa,lisa
rights,derechos
including,incluido
competition,competencia
smith,Herrero
planned,planificado
emily,emily
boring,aburrido
victims,víctimas
mentioned,mencionado
bones,huesos
plant,planta
bless,bendecir
warning,advertencia
knocking,golpes
re,re
crash,chocar
bedroom,dormitorio
lower,más bajo
silver,plata
groaning,gimiendo
madame,señora
defense,defensa
results,resultados
toilet,baño
event,evento
complicated,complicado
shape,forma
priest,sacerdote
royal,real
cheap,barato
romantic,romántico
downstairs,abajo
invite,invitar
fortune,fortuna
tears,lágrimas
avoid,evitar
reached,alcanzó
higher,más alto
familiar,familiar
telephone,teléfono
burning,incendio
filled,completado
kelly,kelly
alice,Alicia
airport,aeropuerto
jobs,trabajos
grown,crecido
walter,walter
rachel,raquel
giant,gigante
insurance,seguro
woods,bosque
n,norte
scare,susto
pleased,complacido
period,período
political,político
player,jugador
stops,se detiene
secrets,misterios
laura,laura
repeat,repetir
photos,fotos
finds,encuentra
statement,declaración
suck,chupar
younger,más joven
china,porcelana
humans,humanos
delicious,delicioso
particular,particular
proper,adecuado
rome,Roma
belongs,pertenece
attacked,atacado
bath,baño
hired,contratado
site,sitio
knowledge,conocimiento
b,b
led,condujo
guests,huéspedes
celebrate,celebrar
map,mapa
horn,bocina
eventually,eventualmente
pity,lástima
powers,potestades
ashamed,avergonzado
assume,asumir
glasses,anteojos
rise,elevar
fixed,fijado
request,pedido
officers,oficiales
pounds,libras
data,datos
carefully,con cuidado
per,por
depends,depende
jury,jurado
waited,esperó
positive,positivo
attorney,abogado
direction,dirección
families,familias
clock,reloj
doin,haciendo
forces,efectivo
location,ubicación
walls,paredes
useless,inútil
grant,conceder
saving,ahorro
speaks,habla
fought,luchó
meal,comida
deliver,entregar
answers,respuestas
changing,cambiando
temple,templo
scary,aterrador
millions,millones
offered,Ofrecido
regular,regular
carrying,que lleva
official,oficial
jacket,chaqueta
switch,cambiar
grave,tumba
chase,perseguir
role,role
odd,extraño
sexy,sexy
faces,caras
becomes,se convierte
closes,cierra
badly,gravemente
tall,alto
confused,confundido
affair,amorío
television,televisión
shock,choque
raised,aumentó
panting,jadeo
pizza,pizza
image,imagen
clears,limpia
golden,dorado
patients,pacientes
watched,observó
committed,comprometido
sexual,sexual
suffer,sufrir
arthur,Arturo
wherever,lo que sea
plate,lámina
appear,aparecer
chocolate,chocolate
clever,inteligente
hm,mmm
mercy,merced
shots,tiros
lucy,lucía
dealing,relación comercial
trap,trampa
charges,cargos
phil,phil
bang,estallido
poison,veneno
butt,culata
drove,condujo
yourselves,ustedes mismos
headed,con membrete
babies,bebés
yellow,amarillo
soup,sopa
mystery,misterio
picking,cosecha
sat,se sentó
wound,herida
traffic,tráfico
courage,coraje
hunt,caza
indian,indio
rat,rata
terms,términos
italian,italiano
emma,emma
checking,comprobación
disease,enfermedad
managed,administrado
winner,ganador
council,concejo
appointment,cita
monday,lunes
crack,grieta
threat,amenaza
jenny,jenny
physical,físico
nation,nación
source,fuente
chose,eligió
healthy,saludable
carl,carlos
victory,victoria
rick,almiar
stood,permaneció
kicked,golpeado
annie,annie
disgusting,desagradable
palace,palacio
below,abajo
shopping,compras
neighborhood,vecindario
march,marzo
lips,labios
midnight,medianoche
piss,orinar
advantage,ventaja
pure,puro
india,India
aside,aparte
jerk,idiota
mail,correo
dawn,amanecer
effect,efecto
spell,deletrear
freak,fenómeno
wood,madera
screwed,atornillado
enemies,enemigos
gary,gary
awake,despierto
chuckling,riendo
vacation,vacaciones
violence,violencia
leo,León
grandmother,abuela
modern,moderno
luke,lucas
firm,firme
prime,principal
heh,je
touched,tocado
talent,talento
whore,puta
piano,piano
license,licencia
cooking,cocinando
honour,honor
concern,inquietud
moves,se mueve
available,disponible
factory,fábrica
gods,Dioses
value,valor
central,central
union,Unión
mirror,espejo
studio,estudio
media,medios de comunicación
taxi,Taxi
dies,muere
iron,hierro
hearts,corazones
desire,deseo
rob,robar
claire,claire
fred,fred
songs,canciones
washington,Washington
monkey,mono
pride,orgullo
pills,pastillas
miracle,milagro
swim,nadar
burned,quemado
smells,huele
joking,bromas
christian,cristiano
bleeding,sangrado
hook,gancho
beating,golpeando
protection,proteccion
treatment,tratamiento
ear,oreja
carter,carretero
metal,metal
disappear,desaparecer
grateful,agradecido
extremely,extremadamente
treasure,tesoro
rescue,rescate
capable,capaz
passing,paso
chatter,charla
result,resultado
suffering,sufrimiento
sisters,hermanas
laid,establecido
governor,gobernador
guards,guardias
louis,luis
text,texto
literally,literalmente
remove,eliminar
becoming,convirtiéndose
performance,actuación
stronger,más fuerte
rate,tasa
deeply,profundamente
scream,gritar
desert,desierto
vehicle,vehículo
illegal,ilegal
pulling,tracción
throwing,lanzamiento
josh,josh
unbelievable,increíble
ted,ted
zero,cero
dean,decano
curious,curioso
sean,sean
candy,dulce
bone,hueso
tied,atado
edge,borde
load,carga
susan,susana
ahh,ah
mountains,montañas
boom,auge
former,anterior
holiday,día festivo
riding,equitación
scoffs,se burla
hundreds,cientos
motherfucker,hijo de puta
sue,demandar
bags,bolsas
stealing,robando
appears,aparece
arrive,llegar
remains,restos
decent,decente
issues,asuntos
tip,consejo
fail,fallar
bride,novia
pissed,Molesto
penny,centavo
claim,afirmar
friendship,amistad
desperate,desesperado
flower,flor
dramatic,dramático
refuse,rechazar
solve,resolver
theme,tema
loving,cariñoso
properly,adecuadamente
dragon,continuar
mostly,principalmente
chuck,arrojar
directly,directamente
surface,superficie
FALSE,FALSO
cast,elenco
junior,júnior
hunting,caza
silent,silencioso
thou,tú
egg,huevo
germany,Alemania
punch,puñetazo
africa,África
woke,desperté
intelligence,inteligencia
borrow,pedir prestado
winning,victorioso
falls,caídas
popular,popular
escaped,escapado
witch,bruja
convinced,convencido
warn,advertir
announcer,locutor
champagne,champán
dust,polvo
kyle,kyle
someday,algún día
fallen,caído
stranger,extraño
presence,presencia
tear,lágrima
st.,calle.
internet,Internet
monsieur,señor
therefore,por lo tanto
technology,tecnología
tires,llantas
toast,tostada
wise,inteligente
clark,clark
americans,americanos
notes,notas
smoking,de fumar
hank,madeja
ls,es
april,abril
wolf,lobo
precious,precioso
rooms,habitaciones
coast,costa
treated,tratado
material,material
released,liberado
uniform,uniforme
hated,odiado
considered,consideró
rice,arroz
exchange,intercambio
steps,pasos
blake,blake
convince,convencer
beast,bestia
cow,vaca
files,archivos
signs,señales
drag,arrastrar
cab,taxi
hung,colgado
carried,transportado
ordinary,común
successful,exitoso
eve,víspera
mistakes,errores
houses,casas
chattering,charlando
brains,sesos
japan,Japón
creature,criatura
fourth,cuatro
separate,separado
cleaning,limpieza
california,California
lf,si
ll,todos
shift,cambio
elizabeth,elizabeth
chicago,chicago
exact,exacto
karen,karen
goal,meta
expert,experto
served,servido
direct,directo
score,puntaje
row,fila
marks,marcas
twenty,veinte
receive,recibir
series,serie
section,sección
pilot,piloto
jackson,jackson
darkness,oscuridad
thy,tu
sale,venta
destiny,destino
cure,curar
spoken,hablado
armed,armado
rare,extraño
helen,helena
grade,calificación
juice,jugo
wide,ancho
tower,torre
solution,solución
schedule,cronograma
explosion,explosión
wheel,rueda
cigarette,cigarrillo
julie,julia
fruit,fruta
blew,sopló
victor,Víctor
talks,negociaciones
sacrifice,sacrificio
range,rango
button,botón
reports,informes
prisoner,prisionero
pie,tarta
effort,esfuerzo
youth,juventud
pot,maceta
eaten,comido
taylor,taylor
knees,rodillas
garage,cochera
parking,estacionamiento
ambulance,ambulancia
staring,mirando fijamente
chances,posibilidades
circumstances,circunstancias
sin,pecado
gordon,gordon
progress,progreso
unusual,inusual
county,condado
stairs,escaleras
campaign,campaña
mon,lun
vision,visión
reporter,reportero
equipment,equipo
moments,momentos
joey,joey
mass,masa
alien,extraterrestre
trapped,atrapado
helps,ayuda
route,ruta
defend,defender
trace,rastro
nasty,asqueroso
tests,pruebas
magazine,revista
rocks,rocas
dump,vertedero
searching,buscando
clue,clave
connected,conectado
amen,amén
pushed,empujado
merry,alegre
zone,zona
senior,sénior
closing,clausura
freeze,congelar
emperor,emperador
incident,incidente
snake,serpiente
mexico,México
lily,lirio
actor,actor
newspaper,periódico
sentence,oración
greg,greg
leading,principal
friendly,amigable
jones,jones
chosen,elegido
engaged,comprometido
julia,julia
charming,encantador
mustn,no debe
anger,enojo
spending,gasto
learning,aprendiendo
spy,espiar
sharp,afilado
shadow,sombra
warrant,orden
elevator,ascensor
kingdom,Reino
ricky,ricky
jamie,jamie
squad,equipo
shoulder,hombro
wave,ola
amanda,amanda
highness,Alteza
kinds,tipos
fishing,pesca
sometime,a veces
attitude,actitud
sucks,apesta
negative,negativo
workers,trabajadores
bored,aburrido
cameras,camaras
similar,similar
understanding,comprensión
beeps,pitidos
chain,cadena
bull,toro
gasping,jadeando
fully,completamente
robin,Robin
collect,recolectar
gorgeous,espléndido
morgan,morgan
passion,pasión
writer,escritor
empire,imperio
international,internacional
curse,maldición
hire,contratar
bastards,bastardos
puts,pone
leads,dirige
id,identificación
blows,golpes
sons,hijos
estate,bienes
customers,clientes
maggie,maggie
gunshot,cañonazo
i-,i-
device,dispositivo
troops,tropas
hug,abrazo
design,diseño
movement,movimiento
thunder,trueno
object,objeto
loser,perdedor
pen,bolígrafo
sobbing,sollozando
politics,política
despite,a pesar de
alcohol,alcohol
climb,trepar
clients,clientela
conference,conferencia
provide,proporcionar
marty,marty
seek,buscar
witnesses,testigos
earn,ganar
trash,basura
valley,valle
fashion,moda
howard,howard
episode,episodio
prize,premio
previously,previamente
sports,Deportes
wanting,falto
debt,deuda
wishes,deseos
hitler,hitler
wire,cable
thee,El e
circle,círculo
approach,acercarse
stock,existencias
facts,hechos
remembered,recordado
percent,por ciento
normally,normalmente
tail,cola
joined,unido
education,educación
bravo,Bravo
library,biblioteca
rape,violación
wings,alas
growling,gruñendo
thrown,arrojado
tank,tanque
exhales,exhala
authority,autoridad
current,actual
failure,falla
nightmare,pesadilla
hitting,golpeando
glory,gloria
knocked,golpeado
studying,estudiando
barry,barry
agency,agencia
apple,manzana
border,borde
rope,soga
duck,pato
reputation,reputación
confidence,confianza
yard,patio
beloved,amado
lack,falta
actual,actual
skills,habilidades
films,Película (s
mental,mental
salt,sal
flesh,carne
anne,Ana
secure,seguro
highly,altamente
federal,federal
sand,arena
emotional,emocional
setting,configuración
nothin,nada
senator,senador
services,servicios
robbery,robo
hates,odia
fed,alimentado
reward,premio
theater,teatro
johnson,jhonson
commit,comprometerse
patrick,Patricio
entirely,enteramente
extraordinary,extraordinario
ships,buques
opposite,opuesto
parties,fiestas
stands,se encuentra
terry,rizo
chat,charlar
events,eventos
mummy,momia
bay,bahía
slip,deslizar
disappointed,decepcionado
settled,establecido
begins,comienza
andrew,Andrés
alert,alerta
detail,detalle
pink,rosa
fellas,muchachos
accepted,aceptado
background,fondo
garbage,basura
panic,pánico
minds,mentes
belt,cinturón
blowing,soplo
hollywood,hollywood
agreement,acuerdo
jackie,jackie
pushing,emprendedor
ability,capacidad
tiger,tigre
whispering,susurro
culture,cultura
saint,Smo
jesse,jesse
task,tarea
solid,sólido
doll,muñeca
intend,pretender
district,distrito
pa,Pensilvania
gee,Caramba
custody,custodia
ignore,ignorar
naturally,naturalmente
useful,útil
attempt,intentar
abandoned,abandonado
cutting,corte
kissed,besado
guarantee,garantizar
barking,ladrido
gather,recolectar
policy,política
u.s.,a nosotros.
violent,violento
maid,mucama
embarrassing,embarazoso
childhood,infancia
wasting,debilitante
bow,arco
chick,polluelo
sara,Sara
disaster,desastre
revolution,revolución
online,en línea
f,F
demon,demonio
heavily,fuertemente
coincidence,coincidencia
perform,llevar a cabo
thin,delgado
terrific,fantástico
mac,Mac
crown,corona
identity,identidad
virgin,virgen
impressive,impresionante
windows,ventanas
no-one,nadie
potential,potencial
guitar,guitarra
committee,comité
dozen,docena
delivery,entrega
advance,avance
quietly,en silencio
stan,estan
teaching,enseñando
hunter,cazador
latest,el último
hurting,lastimando
swing,balancearse
capital,capital
counting,contando
drew,dibujó
dirt,suciedad
whistle,silbar
marie,marie
hits,golpes
doug,doug
deny,denegar
urgent,urgente
threatened,amenazado
behavior,comportamiento
molly,muchacha
mixed,mezclado
stays,corsé
assure,asegurar
subtitles,subtítulos
explanation,explicación
wins,gana
unique,único
chasing,persecución
duke,duque
production,producción
slave,esclavo
agents,agentes
carol,villancico
lets,vamos
cruel,cruel
mask,mascarilla
sally,salida
behave,comportarse
bury,enterrar
massive,masivo
pathetic,patético
species,especies
approaching,que se acerca
jo,jo
loan,préstamo
struggle,lucha
dish,plato
trusted,confiable
jumped,saltó
firing,disparo
channel,canal
abby,abby
stopping,parada
asks,pregunta
jean,vaquero
swimming,nadar
daily,a diario
basement,sótano
linda,linda
quarter,cuarto
erm,emmm
bound,atado
navy,Armada
article,artículo
guide,guía
accused,acusado
transfer,transferir
guts,vísceras
quality,calidad
fella,amigo
roman,romano
greater,mayor que
damned,maldito
couch,sofá
cheer,alegría
vegas,vega
shoe,zapato
title,título
shy,tímido
punishment,castigo
los,los
clicks,clics
you,tú
closet,armario
bye-bye,adiós
fever,fiebre
coward,cobarde
flash,destello
impressed,impresionado
bruce,bruce
siren,sirena
prisoners,prisioneros
sides,lados
bowl,bol
katie,katie
supply,suministrar
sensitive,sensible
hopefully,con un poco de suerte
rolling,laminación
roy,roy
dollar,dólar
tone,tono
voices,voces
g,gramo
i,i
cheating,infiel
confess,confesar
demand,demanda
museum,museo
unknown,desconocido
drama,drama
suspicious,sospechoso
adult,adulto
todd,todd
frightened,atemorizado
warned,prevenido
steady,estable
kills,mata
crossed,cruzado
lou,lou
particularly,particularmente
sandwich,sándwich
laws,leyes
joint,articulación
bullets,balas
package,paquete
trained,entrenado
thursday,jueves
boots,botas
possibility,posibilidad
albert,alberto
civil,civil
june,junio
germans,alemanes
baseball,béisbol
express,expresar
miserable,miserable
tuesday,martes
parker,parque
lion,león
joseph,Joseph
refused,rechazado
shine,brillar
assault,agresión
hong,hong
jokes,chistes
breaks,se rompe
argue,argumentar
you-,tú-
trail,camino
option,opción
recall,recordar
mighty,poderoso
collection,recopilación
oliver,olivar
wilson,Wilson
accent,acento
believes,cree
decisions,decisiones
embarrassed,avergonzado
mobile,móvil
customer,cliente
terribly,terriblemente
sec,segundo
charity,caridad
considering,considerando
pussy,coño
donna,donna
protecting,proteger
flag,bandera
kidnapped,secuestrado
italy,Italia
balance,balance
creatures,criaturas
nuclear,nuclear
wallet,billetera
shout,gritar
vincent,Vicente
entered,ingresó
impression,impresión
angela,ángela
jay,arrendajo
degrees,grados
favour,favor
reaction,reacción
network,red
jessica,jesica
version,versión
concert,concierto
gear,engranaje
singer,cantante
diamond,diamante
defeat,fracaso
steven,esteban
lane,carril
blast,explosión
wounded,herido
anytime,en cualquier momento
partners,socios
ages,siglos
charlotte,charlotte
ceremony,ceremonia
league,liga
bars,barras
orange,naranja
specific,específico
conditions,condiciones
plastic,el plastico
crisis,crisis
fifth,quinto
term,término
self,ser
offering,ofrecimiento
bud,brote
suffered,sufrió
reported,reportado
commissioner,notario
rip,rotura
mysterious,misterioso
entrance,entrada
messed,desordenado
tunnel,túnel
designed,diseñado
neighbor,vecino
aboard,a bordo
sweat,sudor
justin,justin
ghosts,fantasmas
crimes,crímenes
costs,costos
deserves,merece
dreaming,soñando
bust,busto
el,el
teddy,osito de peluche
kong,kong
messages,mensajes
enjoying,disfrutando
afterwards,después
comfort,comodidad
mason,masón
surrender,rendirse
gym,gimnasia
kitty,gatito
crush,aplastar
yup,sí
arranged,organizado
suits,trajes
pee,orinar
stress,estrés
cave,cueva
